,letter_index,letter,frequency
52,1,A,8.167
53,2,B,1.492
54,3,C,2.782
55,4,D,4.253
56,5,E,12.702
57,6,F,2.228
58,7,G,2.015
59,8,H,6.093999999999999
60,9,I,6.966
61,10,J,0.153
62,11,K,0.772
63,12,L,4.025
64,13,M,2.406
65,14,N,6.749
66,15,O,7.507000000000001
67,16,P,1.929
68,17,Q,0.095
69,18,R,5.987
70,19,S,6.327000000000001
71,20,T,9.056000000000001
72,21,U,2.758
73,22,V,0.978
74,23,W,2.36
75,24,X,0.15
76,25,Y,1.974
77,26,Z,0.07400000000000001
